size,seed,role,algo,repeat,ok,error,time_ns,tracemalloc_peak_bytes,rss_delta_bytes,ascii_h,ascii_w,wall_count,corridor_count,path_length,explored_count,visited_count,other_count
1,1,generator,Backtracking,1,1,,52700,3735,0,3,3,6,3,0,0,0,0
1,1,generator,Kruskal,1,1,,49000,3663,0,3,3,6,3,0,0,0,0
1,1,solver,Backtracking,1,1,,70200,4444,4096,3,3,6,3,3,0,3,0
1,1,solver,AStar,1,1,,54200,4356,0,3,3,6,3,3,0,3,0
2,1,generator,Backtracking,1,1,,105300,4359,0,5,5,16,9,0,0,0,0
2,1,generator,Kruskal,1,1,,82000,4559,0,5,5,16,9,0,0,0,0
2,1,solver,Backtracking,1,1,,93800,5964,0,5,5,16,9,7,2,9,0
2,1,solver,AStar,1,1,,97900,5844,0,5,5,16,9,7,0,7,0
3,1,generator,Backtracking,1,1,,222800,4839,0,7,7,30,19,0,0,0,0
3,1,generator,Kruskal,1,1,,120200,6055,0,7,7,30,19,0,0,0,0
3,1,solver,Backtracking,1,1,,179300,8180,4096,7,7,30,19,11,8,19,0
3,1,solver,AStar,1,1,,118100,7316,0,7,7,30,19,11,0,11,0
4,1,generator,Backtracking,1,1,,271700,6079,0,9,9,48,33,0,0,0,0
4,1,generator,Kruskal,1,1,,154600,8924,0,9,9,48,33,0,0,0,0
4,1,solver,Backtracking,1,1,,256900,11428,0,9,9,48,33,31,2,33,0
4,1,solver,AStar,1,1,,204200,11652,0,9,9,48,33,31,0,31,0
5,1,generator,Backtracking,1,1,,419300,6716,0,11,11,70,51,0,0,0,0
5,1,generator,Kruskal,1,1,,222400,12180,0,11,11,70,51,0,0,0,0
5,1,solver,Backtracking,1,1,,408800,15892,4096,11,11,70,51,35,16,51,0
5,1,solver,AStar,1,1,,259700,12908,0,11,11,70,51,35,2,37,0
6,1,generator,Backtracking,1,1,,547600,7596,0,13,13,96,73,0,0,0,0
6,1,generator,Kruskal,1,1,,311700,16236,0,13,13,96,73,0,0,0,0
6,1,solver,Backtracking,1,1,,500500,19708,4096,13,13,96,73,31,42,73,0
6,1,solver,AStar,1,1,,253800,13556,0,13,13,96,73,31,2,33,0
7,1,generator,Backtracking,1,1,,979200,8964,0,15,15,126,99,0,0,0,0
7,1,generator,Kruskal,1,1,,374200,21060,8192,15,15,126,99,0,0,0,0
7,1,solver,Backtracking,1,1,,670200,27516,4096,15,15,126,99,79,12,91,0
7,1,solver,AStar,1,1,,562200,32908,0,15,15,126,99,79,12,91,0
8,1,generator,Backtracking,1,1,,945300,11300,4096,17,17,160,129,0,0,0,0
8,1,generator,Kruskal,1,1,,542400,27772,16384,17,17,160,129,0,0,0,0
8,1,solver,Backtracking,1,1,,821000,31452,4096,17,17,160,129,79,42,121,0
8,1,solver,AStar,1,1,,585600,34268,0,17,17,160,129,79,10,89,0
9,1,generator,Backtracking,1,1,,1215800,13076,0,19,19,198,163,0,0,0,0
9,1,generator,Kruskal,1,1,,574100,34068,0,19,19,198,163,0,0,0,0
9,1,solver,Backtracking,1,1,,986700,37348,8192,19,19,198,163,95,60,155,0
9,1,solver,AStar,1,1,,689000,35636,0,19,19,198,163,95,16,111,0
10,1,generator,Backtracking,1,1,,1469400,14444,0,21,21,240,201,0,0,0,0
10,1,generator,Kruskal,1,1,,737800,41308,20480,21,21,240,201,0,0,0,0
10,1,solver,Backtracking,1,1,,1170000,50460,0,21,21,240,201,91,102,193,0
10,1,solver,AStar,1,1,,661300,37044,0,21,21,240,201,91,10,101,0
11,1,generator,Backtracking,1,1,,1754800,15508,0,23,23,286,243,0,0,0,0
11,1,generator,Kruskal,1,1,,857700,49108,77824,23,23,286,243,0,0,0,0
11,1,solver,Backtracking,1,1,,1447300,55580,0,23,23,286,243,159,76,235,0
11,1,solver,AStar,1,1,,1257400,55340,0,23,23,286,243,159,58,217,0
12,1,generator,Backtracking,1,1,,2124800,19540,4096,25,25,336,289,0,0,0,0
12,1,generator,Kruskal,1,1,,1013600,59292,4096,25,25,336,289,0,0,0,0
12,1,solver,Backtracking,1,1,,1881600,63500,4096,25,25,336,289,163,118,281,0
12,1,solver,AStar,1,1,,1170500,57052,0,25,25,336,289,163,24,187,0
13,1,generator,Backtracking,1,1,,2432200,20852,0,27,27,390,339,0,0,0,0
13,1,generator,Kruskal,1,1,,1300100,69044,4096,27,27,390,339,0,0,0,0
13,1,solver,Backtracking,1,1,,2215200,71924,0,27,27,390,339,183,148,331,0
13,1,solver,AStar,1,1,,1282700,58844,0,27,27,390,339,183,26,209,0
14,1,generator,Backtracking,1,1,,2773200,22796,0,29,29,448,393,0,0,0,0
14,1,generator,Kruskal,1,1,,1969100,79196,4096,29,29,448,393,0,0,0,0
14,1,solver,Backtracking,1,1,,2388500,94508,8192,29,29,448,393,199,186,385,0
14,1,solver,AStar,1,1,,1508100,61692,0,29,29,448,393,199,62,261,0
15,1,generator,Backtracking,1,1,,3203400,23092,0,31,31,510,451,0,0,0,0
15,1,generator,Kruskal,1,1,,2594600,90132,4096,31,31,510,451,0,0,0,0
15,1,solver,Backtracking,1,1,,2602800,99900,0,31,31,510,451,235,208,443,0
15,1,solver,AStar,1,1,,2142300,120404,0,31,31,510,451,235,130,365,0
16,1,generator,Backtracking,1,1,,3960700,29948,4096,33,33,576,513,0,0,0,0
16,1,generator,Kruskal,1,1,,1935300,103980,0,33,33,576,513,0,0,0,0
16,1,solver,Backtracking,1,1,,2994700,110428,4096,33,33,576,513,215,290,505,0
16,1,solver,AStar,1,1,,1775300,66436,0,33,33,576,513,215,52,267,0
17,1,generator,Backtracking,1,1,,4137700,31524,0,35,35,646,579,0,0,0,0
17,1,generator,Kruskal,1,1,,2292500,117700,8192,35,35,646,579,0,0,0,0
17,1,solver,Backtracking,1,1,,3535800,121468,12288,35,35,646,579,231,340,571,0
17,1,solver,AStar,1,1,,1871400,70396,0,35,35,646,579,231,62,293,0
18,1,generator,Backtracking,1,1,,4587200,32660,0,37,37,720,649,0,0,0,0
18,1,generator,Kruskal,1,1,,2906100,132172,4096,37,37,720,649,0,0,0,0
18,1,solver,Backtracking,1,1,,3635300,132620,20480,37,37,720,649,247,388,635,0
18,1,solver,AStar,1,1,,2048800,127668,0,37,37,720,649,247,92,339,0
19,1,generator,Backtracking,1,1,,5341900,34484,0,39,39,798,723,0,0,0,0
19,1,generator,Kruskal,1,1,,3269900,147492,24576,39,39,798,723,0,0,0,0
19,1,solver,Backtracking,1,1,,3998000,178636,0,39,39,798,723,363,334,697,0
19,1,solver,AStar,1,1,,3278300,135868,0,39,39,798,723,363,152,515,0
20,1,generator,Backtracking,1,1,,5571400,40836,4096,41,41,880,801,0,0,0,0
20,1,generator,Kruskal,1,1,,3712800,166892,49152,41,41,880,801,0,0,0,0
20,1,solver,Backtracking,1,1,,4467700,183092,12288,41,41,880,801,327,456,783,0
20,1,solver,AStar,1,1,,2879100,133204,0,41,41,880,801,327,122,449,0
21,1,generator,Backtracking,1,1,,6204400,42156,0,43,43,966,883,0,0,0,0
21,1,generator,Kruskal,1,1,,4460500,184036,32768,43,43,966,883,0,0,0,0
21,1,solver,Backtracking,1,1,,4935300,188268,4096,43,43,966,883,395,452,847,0
21,1,solver,AStar,1,1,,4594100,154268,0,43,43,966,883,395,254,649,0
22,1,generator,Backtracking,1,1,,7007500,47628,0,45,45,1056,969,0,0,0,0
22,1,generator,Kruskal,1,1,,4980300,201996,28672,45,45,1056,969,0,0,0,0
22,1,solver,Backtracking,1,1,,5668400,204412,8192,45,45,1056,969,355,600,955,0
22,1,solver,AStar,1,1,,3053600,140708,0,45,45,1056,969,355,108,463,0
23,1,generator,Backtracking,1,1,,7358100,52356,0,47,47,1150,1059,0,0,0,0
23,1,generator,Kruskal,1,1,,5752300,220900,45056,47,47,1150,1059,0,0,0,0
23,1,solver,Backtracking,1,1,,6150400,219540,4096,47,47,1150,1059,307,744,1051,0
23,1,solver,AStar,1,1,,2585600,142212,0,47,47,1150,1059,307,94,401,0
24,1,generator,Backtracking,1,1,,8239600,51964,0,49,49,1248,1153,0,0,0,0
24,1,generator,Kruskal,1,1,,7000300,240700,24576,49,49,1248,1153,0,0,0,0
24,1,solver,Backtracking,1,1,,6451200,234860,12288,49,49,1248,1153,351,790,1141,0
24,1,solver,AStar,1,1,,3236500,147084,0,49,49,1248,1153,351,110,461,0
25,1,generator,Backtracking,1,1,,8490600,54940,0,51,51,1350,1251,0,0,0,0
25,1,generator,Kruskal,1,1,,7004600,260052,49152,51,51,1350,1251,0,0,0,0
25,1,solver,Backtracking,1,1,,6837300,248780,12288,51,51,1350,1251,379,840,1219,0
25,1,solver,AStar,1,1,,3391500,154388,-536576,51,51,1350,1251,379,124,503,0
26,1,generator,Backtracking,1,1,,9213100,61972,45056,53,53,1456,1353,0,0,0,0
26,1,generator,Kruskal,1,1,,7585200,286748,450560,53,53,1456,1353,0,0,0,0
26,1,solver,Backtracking,1,1,,8007500,266764,24576,53,53,1456,1353,355,976,1331,0
26,1,solver,AStar,1,1,,3308600,154780,0,53,53,1456,1353,355,114,469,0
27,1,generator,Backtracking,1,1,,10082800,69676,36864,55,55,1566,1459,0,0,0,0
27,1,generator,Kruskal,1,1,,8546300,307892,28672,55,55,1566,1459,0,0,0,0
27,1,solver,Backtracking,1,1,,8095100,349716,4096,55,55,1566,1459,347,1096,1443,0
27,1,solver,AStar,1,1,,3496400,157508,0,55,55,1566,1459,347,112,459,0
28,1,generator,Backtracking,1,1,,10941800,68004,12288,57,57,1680,1569,0,0,0,0
28,1,generator,Kruskal,1,1,,9000500,331244,81920,57,57,1680,1569,0,0,0,0
28,1,solver,Backtracking,1,1,,9130000,355788,20480,57,57,1680,1569,335,1216,1551,0
28,1,solver,AStar,1,1,,2973900,160204,12288,57,57,1680,1569,335,110,445,0
29,1,generator,Backtracking,1,1,,11720600,74020,0,59,59,1798,1683,0,0,0,0
29,1,generator,Kruskal,1,1,,9984000,355572,57344,59,59,1798,1683,0,0,0,0
29,1,solver,Backtracking,1,1,,10173900,361260,12288,59,59,1798,1683,419,1234,1653,0
29,1,solver,AStar,1,1,,4304700,178532,0,59,59,1798,1683,419,192,611,0
30,1,generator,Backtracking,1,1,,12534600,75124,0,61,61,1920,1801,0,0,0,0
30,1,generator,Kruskal,1,1,,10730800,379020,16384,61,61,1920,1801,0,0,0,0
30,1,solver,Backtracking,1,1,,10349100,375604,8192,61,61,1920,1801,455,1310,1765,0
30,1,solver,AStar,1,1,,4747800,187204,0,61,61,1920,1801,455,202,657,0
31,1,generator,Backtracking,1,1,,13019300,75124,0,63,63,2046,1923,0,0,0,0
31,1,generator,Kruskal,1,1,,11190200,405076,126976,63,63,2046,1923,0,0,0,0
31,1,solver,Backtracking,1,1,,11312000,398356,86016,63,63,2046,1923,367,1548,1915,0
31,1,solver,AStar,1,1,,3690200,174276,0,63,63,2046,1923,367,104,471,0
32,1,generator,Backtracking,1,1,,14372600,88932,12288,65,65,2176,2049,0,0,0,0
32,1,generator,Kruskal,1,1,,12249600,436396,135168,65,65,2176,2049,0,0,0,0
32,1,solver,Backtracking,1,1,,8844300,381156,40960,65,65,2176,2049,799,746,1545,0
32,1,solver,AStar,1,1,,11480900,281588,40960,65,65,2176,2049,799,414,1213,0
33,1,generator,Backtracking,1,1,,15294900,98668,0,67,67,2310,2179,0,0,0,0
33,1,generator,Kruskal,1,1,,13324900,464404,131072,67,67,2310,2179,0,0,0,0
33,1,solver,Backtracking,1,1,,12445400,440380,225280,67,67,2310,2179,359,1812,2171,0
33,1,solver,AStar,1,1,,3376400,184948,0,67,67,2310,2179,359,128,487,0
34,1,generator,Backtracking,1,1,,16253900,96924,0,69,69,2448,2313,0,0,0,0
34,1,generator,Kruskal,1,1,,14104400,491116,8192,69,69,2448,2313,0,0,0,0
34,1,solver,Backtracking,1,1,,13327200,462284,77824,69,69,2448,2313,411,1892,2303,0
34,1,solver,AStar,1,1,,4077300,195652,0,69,69,2448,2313,411,142,553,0
35,1,generator,Backtracking,1,1,,17114700,101628,0,71,71,2590,2451,0,0,0,0
35,1,generator,Kruskal,1,1,,15765100,520916,389120,71,71,2590,2451,0,0,0,0
35,1,solver,Backtracking,1,1,,14088700,484852,4096,71,71,2590,2451,367,2076,2443,0
35,1,solver,AStar,1,1,,3573400,195812,0,71,71,2590,2451,367,138,505,0
36,1,generator,Backtracking,1,1,,18190000,103692,0,73,73,2736,2593,0,0,0,0
36,1,generator,Kruskal,1,1,,16879100,549164,327680,73,73,2736,2593,0,0,0,0
36,1,solver,Backtracking,1,1,,15299200,500676,32768,73,73,2736,2593,1131,1372,2503,0
36,1,solver,AStar,1,1,,16071500,543268,4096,73,73,2736,2593,1131,892,2023,0
37,1,generator,Backtracking,1,1,,19080700,108180,0,75,75,2886,2739,0,0,0,0
37,1,generator,Kruskal,1,1,,18821600,580788,200704,75,75,2886,2739,0,0,0,0
37,1,solver,Backtracking,1,1,,17027100,679108,143360,75,75,2886,2739,379,2352,2731,0
37,1,solver,AStar,1,1,,3735000,206484,0,75,75,2886,2739,379,136,515,0
38,1,generator,Backtracking,1,1,,20025500,117068,16384,77,77,3040,2889,0,0,0,0
38,1,generator,Kruskal,1,1,,19586300,620556,311296,77,77,3040,2889,0,0,0,0
38,1,solver,Backtracking,1,1,,12117200,466404,-4096,77,77,3040,2889,1107,958,2065,0
38,1,solver,AStar,1,1,,17283800,562436,73728,77,77,3040,2889,1107,1012,2119,0
39,1,generator,Backtracking,1,1,,21476300,129044,0,79,79,3198,3043,0,0,0,0
39,1,generator,Kruskal,1,1,,19436000,654292,81920,79,79,3198,3043,0,0,0,0
39,1,solver,Backtracking,1,1,,18049700,695460,151552,79,79,3198,3043,655,2338,2993,0
39,1,solver,AStar,1,1,,9168600,292500,4096,79,79,3198,3043,655,292,947,0
40,1,generator,Backtracking,1,1,,22674200,139564,-4096,81,81,3360,3201,0,0,0,0
40,1,generator,Kruskal,1,1,,21387000,685868,413696,81,81,3360,3201,0,0,0,0
40,1,solver,Backtracking,1,1,,18420900,703932,114688,81,81,3360,3201,383,2810,3193,0
40,1,solver,AStar,1,1,,3743100,223124,0,81,81,3360,3201,383,138,521,0
41,1,generator,Backtracking,1,1,,23359800,135620,0,83,83,3526,3363,0,0,0,0
41,1,generator,Kruskal,1,1,,22200400,721524,290816,83,83,3526,3363,0,0,0,0
41,1,solver,Backtracking,1,1,,16979100,712284,24576,83,83,3526,3363,1495,1368,2863,0
41,1,solver,AStar,1,1,,26219200,852660,360448,83,83,3526,3363,1495,1730,3225,0
42,1,generator,Backtracking,1,1,,24737000,143524,-4026368,85,85,3696,3529,0,0,0,0
42,1,generator,Kruskal,1,1,,23485500,754636,1339392,85,85,3696,3529,0,0,0,0
42,1,solver,Backtracking,1,1,,20709100,728212,262144,85,85,3696,3529,1331,2120,3451,0
42,1,solver,AStar,1,1,,19672000,612900,98304,85,85,3696,3529,1331,1122,2453,0
43,1,generator,Backtracking,1,1,,25425400,146012,53248,87,87,3870,3699,0,0,0,0
43,1,generator,Kruskal,1,1,,24192300,788532,221184,87,87,3870,3699,0,0,0,0
43,1,solver,Backtracking,1,1,,17856700,729188,159744,87,87,3870,3699,1683,1344,3027,0
43,1,solver,AStar,1,1,,28665000,864076,360448,87,87,3870,3699,1683,1868,3551,0
44,1,generator,Backtracking,1,1,,27016200,144036,45056,89,89,4048,3873,0,0,0,0
44,1,generator,Kruskal,1,1,,26360500,826892,73728,89,89,4048,3873,0,0,0,0
44,1,solver,Backtracking,1,1,,22748600,790236,114688,89,89,4048,3873,467,3396,3863,0
44,1,solver,AStar,1,1,,4414500,251556,0,89,89,4048,3873,467,122,589,0
45,1,generator,Backtracking,1,1,,28287600,168724,16384,91,91,4230,4051,0,0,0,0
45,1,generator,Kruskal,1,1,,28200700,862324,77824,91,91,4230,4051,0,0,0,0
45,1,solver,Backtracking,1,1,,23576000,819204,458752,91,91,4230,4051,467,3576,4043,0
45,1,solver,AStar,1,1,,4879900,258276,0,91,91,4230,4051,467,128,595,0
46,1,generator,Backtracking,1,1,,31481900,169020,0,93,93,4416,4233,0,0,0,0
46,1,generator,Kruskal,1,1,,28152900,914700,94208,93,93,4416,4233,0,0,0,0
46,1,solver,Backtracking,1,1,,24257700,849228,278528,93,93,4416,4233,455,3770,4225,0
46,1,solver,AStar,1,1,,4042600,261092,0,93,93,4416,4233,455,104,559,0
47,1,generator,Backtracking,1,1,,30382000,175148,4096,95,95,4606,4419,0,0,0,0
47,1,generator,Kruskal,1,1,,29829900,951924,16384,95,95,4606,4419,0,0,0,0
47,1,solver,Backtracking,1,1,,25075000,877964,466944,95,95,4606,4419,519,3876,4395,0
47,1,solver,AStar,1,1,,5047000,333484,0,95,95,4606,4419,519,162,681,0
48,1,generator,Backtracking,1,1,,32910800,172188,4096,97,97,4800,4609,0,0,0,0
48,1,generator,Kruskal,1,1,,30897000,989900,339968,97,97,4800,4609,0,0,0,0
48,1,solver,Backtracking,1,1,,27185900,910252,524288,97,97,4800,4609,483,4118,4601,0
48,1,solver,AStar,1,1,,4956500,277220,0,97,97,4800,4609,483,114,597,0
49,1,generator,Backtracking,1,1,,33828900,186636,-4096,99,99,4998,4803,0,0,0,0
49,1,generator,Kruskal,1,1,,32123100,1033332,692224,99,99,4998,4803,0,0,0,0
49,1,solver,Backtracking,1,1,,28317000,941636,299008,99,99,4998,4803,491,4304,4795,0
49,1,solver,AStar,1,1,,4554700,284948,0,99,99,4998,4803,491,122,613,0
50,1,generator,Backtracking,1,1,,34630600,187420,0,101,101,5200,5001,0,0,0,0
50,1,generator,Kruskal,1,1,,33538800,1072844,73728,101,101,5200,5001,0,0,0,0
50,1,solver,Backtracking,1,1,,29409900,973556,303104,101,101,5200,5001,535,4454,4989,0
50,1,solver,AStar,1,1,,5336500,352884,0,101,101,5200,5001,535,162,697,0
51,1,generator,Backtracking,1,1,,36155800,187492,0,103,103,5406,5203,0,0,0,0
51,1,generator,Kruskal,1,1,,36150100,1113140,131072,103,103,5406,5203,0,0,0,0
51,1,solver,Backtracking,1,1,,31228100,1006500,-4583424,103,103,5406,5203,567,4628,5195,0
51,1,solver,AStar,1,1,,5967500,359636,245760,103,103,5406,5203,567,168,735,0
52,1,generator,Backtracking,1,1,,37670700,201276,393216,105,105,5616,5409,0,0,0,0
52,1,generator,Kruskal,1,1,,38748200,1159468,1630208,105,105,5616,5409,0,0,0,0
52,1,solver,Backtracking,1,1,,30986800,1039924,90112,105,105,5616,5409,535,4864,5399,0
52,1,solver,AStar,1,1,,4911600,310484,0,105,105,5616,5409,535,136,671,0
53,1,generator,Backtracking,1,1,,39002600,196908,94208,107,107,5830,5619,0,0,0,0
53,1,generator,Kruskal,1,1,,38163700,1201300,303104,107,107,5830,5619,0,0,0,0
53,1,solver,Backtracking,1,1,,31898800,1352396,626688,107,107,5830,5619,1263,4300,5563,0
53,1,solver,AStar,1,1,,24697300,928916,0,107,107,5830,5619,1263,1868,3131,0
54,1,generator,Backtracking,1,1,,39810600,241684,40960,109,109,6048,5833,0,0,0,0
54,1,generator,Kruskal,1,1,,38270900,1261484,233472,109,109,6048,5833,0,0,0,0
54,1,solver,Backtracking,1,1,,31913200,1364588,49152,109,109,6048,5833,743,4976,5719,0
54,1,solver,AStar,1,1,,9912000,542044,0,109,109,6048,5833,743,598,1341,0
55,1,generator,Backtracking,1,1,,41701100,226708,16384,111,111,6270,6051,0,0,0,0
55,1,generator,Kruskal,1,1,,40141100,1311092,131072,111,111,6270,6051,0,0,0,0
55,1,solver,Backtracking,1,1,,34177800,1375388,794624,111,111,6270,6051,607,5436,6043,0
55,1,solver,AStar,1,1,,5826700,388068,0,111,111,6270,6051,607,202,809,0
56,1,generator,Backtracking,1,1,,43112500,229980,4096,113,113,6496,6273,0,0,0,0
56,1,generator,Kruskal,1,1,,41929200,1355532,49152,113,113,6496,6273,0,0,0,0
56,1,solver,Backtracking,1,1,,27876700,1023748,40960,113,113,6496,6273,2155,2674,4829,0
56,1,solver,AStar,1,1,,45293900,1952852,569344,113,113,6496,6273,2155,3618,5773,0
57,1,generator,Backtracking,1,1,,44614700,248516,0,115,115,6726,6499,0,0,0,0
57,1,generator,Kruskal,1,1,,45294000,1400756,61440,115,115,6726,6499,0,0,0,0
57,1,solver,Backtracking,1,1,,38089600,1399780,163840,115,115,6726,6499,835,5628,6463,0
57,1,solver,AStar,1,1,,16699400,654252,-4096,115,115,6726,6499,835,698,1533,0
58,1,generator,Backtracking,1,1,,46241000,253468,0,117,117,6960,6729,0,0,0,0
58,1,generator,Kruskal,1,1,,60621600,1446732,98304,117,117,6960,6729,0,0,0,0
58,1,solver,Backtracking,1,1,,41861100,1410252,-4435968,117,117,6960,6729,723,5970,6693,0
58,1,solver,AStar,1,1,,7648000,421252,110592,117,117,6960,6729,723,282,1005,0
59,1,generator,Backtracking,1,1,,48856600,244980,143360,119,119,7198,6963,0,0,0,0
59,1,generator,Kruskal,1,1,,47314900,1500148,1667072,119,119,7198,6963,0,0,0,0
59,1,solver,Backtracking,1,1,,31697800,1421660,802816,119,119,7198,6963,2399,3124,5523,0
59,1,solver,AStar,1,1,,56478400,1975796,675840,119,119,7198,6963,2399,4320,6719,0
60,1,generator,Backtracking,1,1,,51022800,252740,-208896,121,121,7440,7201,0,0,0,0
60,1,generator,Kruskal,1,1,,48054100,1547660,585728,121,121,7440,7201,0,0,0,0
60,1,solver,Backtracking,1,1,,40966200,1476796,57344,121,121,7440,7201,1131,6046,7177,0
60,1,solver,AStar,1,1,,17888900,722292,126976,121,121,7440,7201,1131,1160,2291,0
61,1,generator,Backtracking,1,1,,52092700,271364,24576,123,123,7686,7443,0,0,0,0
61,1,generator,Kruskal,1,1,,50245900,1595956,610304,123,123,7686,7443,0,0,0,0
61,1,solver,Backtracking,1,1,,41911500,1516620,217088,123,123,7686,7443,915,6510,7425,0
61,1,solver,AStar,1,1,,12003000,685284,-4096,123,123,7686,7443,915,650,1565,0
62,1,generator,Backtracking,1,1,,52304800,262780,0,125,125,7936,7689,0,0,0,0
62,1,generator,Kruskal,1,1,,52020500,1652492,131072,125,125,7936,7689,0,0,0,0
62,1,solver,Backtracking,1,1,,43451200,1553644,696320,125,125,7936,7689,839,6804,7643,0
62,1,solver,AStar,1,1,,9089900,471956,-114688,125,125,7936,7689,839,380,1219,0
63,1,generator,Backtracking,1,1,,59399200,295684,0,127,127,8190,7939,0,0,0,0
63,1,generator,Kruskal,1,1,,53156400,1702324,733184,127,127,8190,7939,0,0,0,0
63,1,solver,Backtracking,1,1,,41253400,1524764,303104,127,127,8190,7939,1587,5668,7255,0
63,1,solver,AStar,1,1,,23319500,1005676,204800,127,127,8190,7939,1587,1448,3035,0
64,1,generator,Backtracking,1,1,,56107700,323580,12288,129,129,8448,8193,0,0,0,0
64,1,generator,Kruskal,1,1,,56964600,1773708,-4116480,129,129,8448,8193,0,0,0,0
64,1,solver,Backtracking,1,1,,41955300,1557804,757760,129,129,8448,8193,1695,5738,7433,0
64,1,solver,AStar,1,1,,27914900,1014708,110592,129,129,8448,8193,1695,1710,3405,0
65,1,generator,Backtracking,1,1,,58427500,340716,176128,131,131,8710,8451,0,0,0,0
65,1,generator,Kruskal,1,1,,57479000,1825396,946176,131,131,8710,8451,0,0,0,0
65,1,solver,Backtracking,1,1,,44654400,1617460,823296,131,131,8710,8451,1607,6246,7853,0
65,1,solver,AStar,1,1,,24473300,1023164,118784,131,131,8710,8451,1607,1458,3065,0
66,1,generator,Backtracking,1,1,,58685000,320940,8192,133,133,8976,8713,0,0,0,0
66,1,generator,Kruskal,1,1,,64574800,1886284,532480,133,133,8976,8713,0,0,0,0
66,1,solver,Backtracking,1,1,,45407900,1661404,348160,133,133,8976,8713,1383,6754,8137,0
66,1,solver,AStar,1,1,,21751200,803348,-176128,133,133,8976,8713,1383,1252,2635,0
67,1,generator,Backtracking,1,1,,61886600,346220,-94208,135,135,9246,8979,0,0,0,0
67,1,generator,Kruskal,1,1,,62582200,1939508,458752,135,135,9246,8979,0,0,0,0
67,1,solver,Backtracking,1,1,,49003600,1697932,303104,135,135,9246,8979,1491,6848,8339,0
67,1,solver,AStar,1,1,,22927100,1040636,-196608,135,135,9246,8979,1491,1372,2863,0
68,1,generator,Backtracking,1,1,,63915800,349948,32768,137,137,9520,9249,0,0,0,0
68,1,generator,Kruskal,1,1,,62725000,1993484,806912,137,137,9520,9249,0,0,0,0
68,1,solver,Backtracking,1,1,,48811900,1734620,360448,137,137,9520,9249,1727,6820,8547,0
68,1,solver,AStar,1,1,,29320800,1054260,-204800,137,137,9520,9249,1727,1884,3611,0
69,1,generator,Backtracking,1,1,,64313700,353244,-5120000,139,139,9798,9523,0,0,0,0
69,1,generator,Kruskal,1,1,,66806300,2048244,4448256,139,139,9798,9523,0,0,0,0
69,1,solver,Backtracking,1,1,,40034500,1574796,-155648,139,139,9798,9523,3599,3348,6947,0
69,1,solver,AStar,1,1,,63659500,2135460,-651264,139,139,9798,9523,3599,4374,7973,0
70,1,generator,Backtracking,1,1,,64633800,372636,331776,141,141,10080,9801,0,0,0,0
70,1,generator,Kruskal,1,1,,71685800,2113260,2015232,141,141,10080,9801,0,0,0,0
70,1,solver,Backtracking,1,1,,47632700,1757148,-806912,141,141,10080,9801,4331,4090,8421,0
70,1,solver,AStar,1,1,,71733100,2227364,-831488,141,141,10080,9801,4331,4586,8917,0
71,1,generator,Backtracking,1,1,,68941600,346132,81920,143,143,10366,10083,0,0,0,0
71,1,generator,Kruskal,1,1,,68417600,2169556,1921024,143,143,10366,10083,0,0,0,0
71,1,solver,Backtracking,1,1,,54447700,1862812,-847872,143,143,10366,10083,3187,6094,9281,0
71,1,solver,AStar,1,1,,60434400,2121716,-946176,143,143,10366,10083,3187,4428,7615,0
72,1,generator,Backtracking,1,1,,71722300,372132,110592,145,145,10656,10369,0,0,0,0
72,1,generator,Kruskal,1,1,,72028700,2226604,1863680,145,145,10656,10369,0,0,0,0
72,1,solver,Backtracking,1,1,,57331700,1918516,327680,145,145,10656,10369,1731,7958,9689,0
72,1,solver,AStar,1,1,,27636000,1086852,-368640,145,145,10656,10369,1731,1686,3417,0
73,1,generator,Backtracking,1,1,,73939200,393532,-5746688,147,147,10950,10659,0,0,0,0
73,1,generator,Kruskal,1,1,,72945400,2284436,4456448,147,147,10950,10659,0,0,0,0
73,1,solver,Backtracking,1,1,,53854500,1933052,-77824,147,147,10950,10659,2147,7532,9679,0
73,1,solver,AStar,1,1,,34050400,1158196,-331776,147,147,10950,10659,2147,2118,4265,0
74,1,generator,Backtracking,1,1,,76220300,417420,622592,149,149,11248,10953,0,0,0,0
74,1,generator,Kruskal,1,1,,79691400,2382508,1544192,149,149,11248,10953,0,0,0,0
74,1,solver,Backtracking,1,1,,58770700,2012108,-200704,149,149,11248,10953,1799,8464,10263,0
74,1,solver,AStar,1,1,,29716000,1116532,20480,149,149,11248,10953,1799,1880,3679,0
75,1,generator,Backtracking,1,1,,80253500,430660,-24576,151,151,11550,11251,0,0,0,0
75,1,generator,Kruskal,1,1,,80078400,2442260,1396736,151,151,11550,11251,0,0,0,0
75,1,solver,Backtracking,1,1,,59309300,2067284,-221184,151,151,11550,11251,1959,8660,10619,0
75,1,solver,AStar,1,1,,31927500,1145156,-745472,151,151,11550,11251,1959,1936,3895,0
76,1,generator,Backtracking,1,1,,78622700,446116,-36864,153,153,11856,11553,0,0,0,0
76,1,generator,Kruskal,1,1,,80571800,2502764,1298432,153,153,11856,11553,0,0,0,0
76,1,solver,Backtracking,1,1,,60144400,2100196,376832,153,153,11856,11553,2007,8766,10773,0
76,1,solver,AStar,1,1,,32907900,1166404,32768,153,153,11856,11553,2007,2014,4021,0
77,1,generator,Backtracking,1,1,,84647600,446132,-6344704,155,155,12166,11859,0,0,0,0
77,1,generator,Kruskal,1,1,,87311200,2564052,4972544,155,155,12166,11859,0,0,0,0
77,1,solver,Backtracking,1,1,,61232900,2719156,155648,155,155,12166,11859,2067,9038,11105,0
77,1,solver,AStar,1,1,,35420000,1215204,151552,155,155,12166,11859,2067,2388,4455,0
78,1,generator,Backtracking,1,1,,84281600,457292,327680,157,157,12480,12169,0,0,0,0
78,1,generator,Kruskal,1,1,,87859200,2638124,1638400,157,157,12480,12169,0,0,0,0
78,1,solver,Backtracking,1,1,,64817800,2735228,-237568,157,157,12480,12169,1863,9654,11517,0
78,1,solver,AStar,1,1,,32538100,1193348,-380928,157,157,12480,12169,1863,2236,4099,0
79,1,generator,Backtracking,1,1,,85594500,442356,98304,159,159,12798,12483,0,0,0,0
79,1,generator,Kruskal,1,1,,88043800,2700948,1642496,159,159,12798,12483,0,0,0,0
79,1,solver,Backtracking,1,1,,66904600,2749724,-360448,159,159,12798,12483,1959,9898,11857,0
79,1,solver,AStar,1,1,,31089400,1184500,-364544,159,159,12798,12483,1959,1922,3881,0
80,1,generator,Backtracking,1,1,,88307900,426044,-69632,161,161,13120,12801,0,0,0,0
80,1,generator,Kruskal,1,1,,92319500,2764524,1622016,161,161,13120,12801,0,0,0,0
80,1,solver,Backtracking,1,1,,55503400,2047012,-3584000,161,161,13120,12801,3999,5704,9703,0
80,1,solver,AStar,1,1,,86835700,2479108,958464,161,161,13120,12801,3999,6644,10643,0
81,1,generator,Backtracking,1,1,,89934600,467124,-241664,163,163,13446,13123,0,0,0,0
81,1,generator,Kruskal,1,1,,93836500,2828884,3100672,163,163,13446,13123,0,0,0,0
81,1,solver,Backtracking,1,1,,73846900,2784124,-651264,163,163,13446,13123,2127,10264,12391,0
81,1,solver,AStar,1,1,,38796800,1820492,-2113536,163,163,13446,13123,2127,2816,4943,0
82,1,generator,Backtracking,1,1,,92407500,465804,114688,165,165,13776,13449,0,0,0,0
82,1,generator,Kruskal,1,1,,96320100,2893996,2646016,165,165,13776,13449,0,0,0,0
82,1,solver,Backtracking,1,1,,71295400,2800916,-512000,165,165,13776,13449,1847,10922,12769,0
82,1,solver,AStar,1,1,,32195800,1221588,-339968,165,165,13776,13449,1847,2092,3939,0
83,1,generator,Backtracking,1,1,,95177700,493900,36864,167,167,14110,13779,0,0,0,0
83,1,generator,Kruskal,1,1,,98213100,2973428,1900544,167,167,14110,13779,0,0,0,0
83,1,solver,Backtracking,1,1,,93388500,2818964,-3342336,167,167,14110,13779,2035,11080,13115,0
83,1,solver,AStar,1,1,,44349400,1286996,204800,167,167,14110,13779,2035,2520,4555,0
84,1,generator,Backtracking,1,1,,97674100,485612,421888,169,169,14448,14113,0,0,0,0
84,1,generator,Kruskal,1,1,,99830500,3040076,2506752,169,169,14448,14113,0,0,0,0
84,1,solver,Backtracking,1,1,,76849900,2834668,4096,169,169,14448,14113,2011,11456,13467,0
84,1,solver,AStar,1,1,,35351400,1269284,-249856,169,169,14448,14113,2011,2224,4235,0
85,1,generator,Backtracking,1,1,,102756400,491900,-151552,171,171,14790,14451,0,0,0,0
85,1,generator,Kruskal,1,1,,107759900,3107508,1830912,171,171,14790,14451,0,0,0,0
85,1,solver,Backtracking,1,1,,76764400,2861788,-630784,171,171,14790,14451,2123,11540,13663,0
85,1,solver,AStar,1,1,,29483400,1231460,-561152,171,171,14790,14451,2123,1550,3673,0
86,1,generator,Backtracking,1,1,,102441400,527492,282624,173,173,15136,14793,0,0,0,0
86,1,generator,Kruskal,1,1,,106094700,3214668,1798144,173,173,15136,14793,0,0,0,0
86,1,solver,Backtracking,1,1,,82528100,2902300,-4362240,173,173,15136,14793,2543,11310,13853,0
86,1,solver,AStar,1,1,,33998900,1284148,311296,173,173,15136,14793,2543,1600,4143,0
87,1,generator,Backtracking,1,1,,109124300,563604,163840,175,175,15486,15139,0,0,0,0
87,1,generator,Kruskal,1,1,,112429500,3284084,2936832,175,175,15486,15139,0,0,0,0
87,1,solver,Backtracking,1,1,,80246300,2959692,-684032,175,175,15486,15139,2515,11698,14213,0
87,1,solver,AStar,1,1,,33919200,1285268,-905216,175,175,15486,15139,2515,1514,4029,0
88,1,generator,Backtracking,1,1,,106376900,561204,184320,177,177,15840,15489,0,0,0,0
88,1,generator,Kruskal,1,1,,116763900,3369452,2043904,177,177,15840,15489,0,0,0,0
88,1,solver,Backtracking,1,1,,85116200,3018588,110592,177,177,15840,15489,2595,11990,14585,0
88,1,solver,AStar,1,1,,35342000,1311220,-618496,177,177,15840,15489,2595,1596,4191,0
89,1,generator,Backtracking,1,1,,107376400,529012,-163840,179,179,16198,15843,0,0,0,0
89,1,generator,Kruskal,1,1,,113052200,3440404,1982464,179,179,16198,15843,0,0,0,0
89,1,solver,Backtracking,1,1,,84506200,3069452,-3551232,179,179,16198,15843,2571,12308,14879,0
89,1,solver,AStar,1,1,,34918600,1327764,-466944,179,179,16198,15843,2571,1674,4245,0
90,1,generator,Backtracking,1,1,,111897500,558916,245760,181,181,16560,16201,0,0,0,0
90,1,generator,Kruskal,1,1,,116974100,3512108,4116480,181,181,16560,16201,0,0,0,0
90,1,solver,Backtracking,1,1,,87386000,3131980,-462848,181,181,16560,16201,2811,12464,15275,0
90,1,solver,AStar,1,1,,38445800,1381748,-679936,181,181,16560,16201,2811,1914,4725,0
91,1,generator,Backtracking,1,1,,114279900,571068,-192512,183,183,16926,16563,0,0,0,0
91,1,generator,Kruskal,1,1,,124328400,3584596,3301376,183,183,16926,16563,0,0,0,0
91,1,solver,Backtracking,1,1,,88844800,3197668,-745472,183,183,16926,16563,2663,13052,15715,0
91,1,solver,AStar,1,1,,36879000,1369476,-761856,183,183,16926,16563,2663,1792,4455,0
92,1,generator,Backtracking,1,1,,118260300,606748,94208,185,185,17296,16929,0,0,0,0
92,1,generator,Kruskal,1,1,,122562900,3657836,401408,185,185,17296,16929,0,0,0,0
92,1,solver,Backtracking,1,1,,89395800,3254924,-1548288,185,185,17296,16929,2975,13086,16061,0
92,1,solver,AStar,1,1,,45747900,1945900,667648,185,185,17296,16929,2975,2450,5425,0
93,1,generator,Backtracking,1,1,,121900900,617884,-225280,187,187,17670,17299,0,0,0,0
93,1,generator,Kruskal,1,1,,124669900,3748980,4247552,187,187,17670,17299,0,0,0,0
93,1,solver,Backtracking,1,1,,94201300,3310092,-2240512,187,187,17670,17299,2967,13422,16389,0
93,1,solver,AStar,1,1,,46402200,2317580,487424,187,187,17670,17299,2967,2862,5829,0
94,1,generator,Backtracking,1,1,,125259200,606844,-114688,189,189,18048,17673,0,0,0,0
94,1,generator,Kruskal,1,1,,129402000,3823756,2936832,189,189,18048,17673,0,0,0,0
94,1,solver,Backtracking,1,1,,94552900,3369620,-2539520,189,189,18048,17673,2775,13980,16755,0
94,1,solver,AStar,1,1,,40556100,1425252,-1228800,189,189,18048,17673,2775,1894,4669,0
95,1,generator,Backtracking,1,1,,128179300,620460,708608,191,191,18430,18051,0,0,0,0
95,1,generator,Kruskal,1,1,,132860900,3899316,4136960,191,191,18430,18051,0,0,0,0
95,1,solver,Backtracking,1,1,,96517200,3399948,-3072000,191,191,18430,18051,2947,13904,16851,0
95,1,solver,AStar,1,1,,43872000,1982876,622592,191,191,18430,18051,2947,2400,5347,0
96,1,generator,Backtracking,1,1,,128094700,609740,-286720,193,193,18816,18433,0,0,0,0
96,1,generator,Kruskal,1,1,,133719400,3975628,3391488,193,193,18816,18433,0,0,0,0
96,1,solver,Backtracking,1,1,,100191100,3492420,716800,193,193,18816,18433,2807,14716,17523,0
96,1,solver,AStar,1,1,,39985100,1460004,-1286144,193,193,18816,18433,2807,1976,4783,0
97,1,generator,Backtracking,1,1,,133317100,623156,-6516736,195,195,19206,18819,0,0,0,0
97,1,generator,Kruskal,1,1,,139336600,4052724,6864896,195,195,19206,18819,0,0,0,0
97,1,solver,Backtracking,1,1,,100585800,3557636,458752,195,195,19206,18819,2651,15288,17939,0
97,1,solver,AStar,1,1,,39572000,1443316,-1527808,195,195,19206,18819,2651,1788,4439,0
98,1,generator,Backtracking,1,1,,135909800,614964,-81920,197,197,19600,19209,0,0,0,0
98,1,generator,Kruskal,1,1,,143903500,4130572,2256896,197,197,19600,19209,0,0,0,0
98,1,solver,Backtracking,1,1,,100353800,3580268,-589824,197,197,19600,19209,3739,14200,17939,0
98,1,solver,AStar,1,1,,57655900,2380228,172032,197,197,19600,19209,3739,3324,7063,0
99,1,generator,Backtracking,1,1,,136985000,625732,-303104,199,199,19998,19603,0,0,0,0
99,1,generator,Kruskal,1,1,,145237300,4228468,2113536,199,199,19998,19603,0,0,0,0
99,1,solver,Backtracking,1,1,,103115200,3644300,-2859008,199,199,19998,19603,3827,14510,18337,0
99,1,solver,AStar,1,1,,60096900,2416276,1290240,199,199,19998,19603,3827,3568,7395,0
100,1,generator,Backtracking,1,1,,138449900,681028,258048,201,201,20400,20001,0,0,0,0
100,1,generator,Kruskal,1,1,,149356600,4359564,7176192,201,201,20400,20001,0,0,0,0
100,1,solver,Backtracking,1,1,,106103000,3706420,-3436544,201,201,20400,20001,3535,15180,18715,0
100,1,solver,AStar,1,1,,50499700,2407164,1454080,201,201,20400,20001,3535,2734,6269,0
101,1,generator,Backtracking,1,1,,138809200,678844,-212992,203,203,20806,20403,0,0,0,0
101,1,generator,Kruskal,1,1,,153810000,4440244,5865472,203,203,20806,20403,0,0,0,0
101,1,solver,Backtracking,1,1,,109454600,3796444,-6893568,203,203,20806,20403,3319,16034,19353,0
101,1,solver,AStar,1,1,,44645500,2059820,-2490368,203,203,20806,20403,3319,1998,5317,0
102,1,generator,Backtracking,1,1,,144814500,691236,458752,205,205,21216,20809,0,0,0,0
102,1,generator,Kruskal,1,1,,155643800,4521676,8900608,205,205,21216,20809,0,0,0,0
102,1,solver,Backtracking,1,1,,109395600,3837644,-5054464,205,205,21216,20809,3859,15676,19535,0
102,1,solver,AStar,1,1,,64136100,2496580,1605632,205,205,21216,20809,3859,3988,7847,0
103,1,generator,Backtracking,1,1,,146908300,708484,-225280,207,207,21630,21219,0,0,0,0
103,1,generator,Kruskal,1,1,,156763900,4603892,6762496,207,207,21630,21219,0,0,0,0
103,1,solver,Backtracking,1,1,,113624200,3926524,-4669440,207,207,21630,21219,3663,16492,20155,0
103,1,solver,AStar,1,1,,60232200,2452580,-2945024,207,207,21630,21219,3663,3540,7203,0
104,1,generator,Backtracking,1,1,,150142600,691740,655360,209,209,22048,21633,0,0,0,0
104,1,generator,Kruskal,1,1,,165577400,4686860,8818688,209,209,22048,21633,0,0,0,0
104,1,solver,Backtracking,1,1,,118307500,3953492,-3813376,209,209,22048,21633,3767,16440,20207,0
104,1,solver,AStar,1,1,,57233200,2459948,1671168,209,209,22048,21633,3767,3196,6963,0
105,1,generator,Backtracking,1,1,,151817200,726484,-20480,211,211,22470,22051,0,0,0,0
105,1,generator,Kruskal,1,1,,162916500,4792276,6983680,211,211,22470,22051,0,0,0,0
105,1,solver,Backtracking,1,1,,114570100,3950924,-6156288,211,211,22470,22051,4347,15648,19995,0
105,1,solver,AStar,1,1,,77311400,2679012,-1503232,211,211,22470,22051,4347,5114,9461,0
106,1,generator,Backtracking,1,1,,154058200,705068,106496,213,213,22896,22473,0,0,0,0
106,1,generator,Kruskal,1,1,,166218200,4876780,8056832,213,213,22896,22473,0,0,0,0
106,1,solver,Backtracking,1,1,,119420000,4109252,-5050368,213,213,22896,22473,4527,16686,21213,0
106,1,solver,AStar,1,1,,85040500,2752676,1273856,213,213,22896,22473,4527,5614,10141,0
107,1,generator,Backtracking,1,1,,155715600,733940,-876544,215,215,23326,22899,0,0,0,0
107,1,generator,Kruskal,1,1,,173209600,4962068,7593984,215,215,23326,22899,0,0,0,0
107,1,solver,Backtracking,1,1,,125147800,5504084,-6365184,215,215,23326,22899,3639,18230,21869,0
107,1,solver,AStar,1,1,,51582300,2501116,655360,215,215,23326,22899,3639,2666,6305,0
108,1,generator,Backtracking,1,1,,159766800,713116,77824,217,217,23760,23329,0,0,0,0
108,1,generator,Kruskal,1,1,,177040700,5048108,8400896,217,217,23760,23329,0,0,0,0
108,1,solver,Backtracking,1,1,,116998300,4106852,-4075520,217,217,23760,23329,4843,15974,20817,0
108,1,solver,AStar,1,1,,103065700,3734116,1961984,217,217,23760,23329,4843,8084,12927,0
109,1,generator,Backtracking,1,1,,163491800,729724,-892928,219,219,24198,23763,0,0,0,0
109,1,generator,Kruskal,1,1,,179795800,5134932,-53248,219,219,24198,23763,0,0,0,0
109,1,solver,Backtracking,1,1,,128341900,5547660,909312,219,219,24198,23763,4611,17966,22577,0
109,1,solver,AStar,1,1,,95111200,3747580,-634880,219,219,24198,23763,4611,6914,11525,0
110,1,generator,Backtracking,1,1,,167423900,727436,-430080,221,221,24640,24201,0,0,0,0
110,1,generator,Kruskal,1,1,,183896000,5222508,8257536,221,221,24640,24201,0,0,0,0
110,1,solver,Backtracking,1,1,,127274600,5568948,-5079040,221,221,24640,24201,4691,18150,22841,0
110,1,solver,AStar,1,1,,117726500,3794068,643072,221,221,24640,24201,4691,9910,14601,0
111,1,generator,Backtracking,1,1,,178485900,755924,-5644288,223,223,25086,24643,0,0,0,0
111,1,generator,Kruskal,1,1,,183248000,5335252,10829824,223,223,25086,24643,0,0,0,0
111,1,solver,Backtracking,1,1,,135865800,5590148,-4186112,223,223,25086,24643,4607,18854,23461,0
111,1,solver,AStar,1,1,,88266400,3776228,1175552,223,223,25086,24643,4607,6368,10975,0
112,1,generator,Backtracking,1,1,,175118600,746892,-155648,225,225,25536,25089,0,0,0,0
112,1,generator,Kruskal,1,1,,187217400,5424364,7659520,225,225,25536,25089,0,0,0,0
112,1,solver,Backtracking,1,1,,137527800,5612284,-4231168,225,225,25536,25089,5343,18332,23675,0
112,1,solver,AStar,1,1,,144460600,4084852,-1552384,225,225,25536,25089,5343,12252,17595,0
113,1,generator,Backtracking,1,1,,177609000,780372,-839680,227,227,25990,25539,0,0,0,0
113,1,generator,Kruskal,1,1,,191452400,5514260,9424896,227,227,25990,25539,0,0,0,0
113,1,solver,Backtracking,1,1,,134265100,5635756,-4628480,227,227,25990,25539,5955,17812,23767,0
113,1,solver,AStar,1,1,,170325600,6377212,1019904,227,227,25990,25539,5955,15030,20985,0
114,1,generator,Backtracking,1,1,,179468200,780444,-1040384,229,229,26448,25993,0,0,0,0
114,1,generator,Kruskal,1,1,,200370400,5604908,3088384,229,229,26448,25993,0,0,0,0
114,1,solver,Backtracking,1,1,,131740000,5657260,147456,229,229,26448,25993,4455,19068,23523,0
114,1,solver,AStar,1,1,,82744200,2864948,-249856,229,229,26448,25993,4455,5660,10115,0
115,1,generator,Backtracking,1,1,,182637700,765100,212992,231,231,26910,26451,0,0,0,0
115,1,generator,Kruskal,1,1,,197966000,5696340,9654272,231,231,26910,26451,0,0,0,0
115,1,solver,Backtracking,1,1,,138003900,5680116,-5586944,231,231,26910,26451,6275,18480,24755,0
115,1,solver,AStar,1,1,,213690200,8106140,-1200128,231,231,26910,26451,6275,19372,25647,0
116,1,generator,Backtracking,1,1,,186950700,871372,1015808,233,233,27376,26913,0,0,0,0
116,1,generator,Kruskal,1,1,,204684400,5855916,10747904,233,233,27376,26913,0,0,0,0
116,1,solver,Backtracking,1,1,,140463200,5704708,-602112,233,233,27376,26913,4319,20994,25313,0
116,1,solver,AStar,1,1,,71587100,2759700,-4132864,233,233,27376,26913,4319,4244,8563,0
117,1,generator,Backtracking,1,1,,188469200,890332,368640,235,235,27846,27379,0,0,0,0
117,1,generator,Kruskal,1,1,,205771400,5949460,4202496,235,235,27846,27379,0,0,0,0
117,1,solver,Backtracking,1,1,,150592100,5729404,-4075520,235,235,27846,27379,4067,22184,26251,0
117,1,solver,AStar,1,1,,57624900,2648020,1216512,235,235,27846,27379,4067,2844,6911,0
118,1,generator,Backtracking,1,1,,193712500,870052,-69632,237,237,28320,27849,0,0,0,0
118,1,generator,Kruskal,1,1,,210366300,6071180,10457088,237,237,28320,27849,0,0,0,0
118,1,solver,Backtracking,1,1,,147519000,5750500,-5840896,237,237,28320,27849,5271,21000,26271,0
118,1,solver,AStar,1,1,,108209300,3881588,1093632,237,237,28320,27849,5271,7922,13193,0
119,1,generator,Backtracking,1,1,,199520200,887356,-7507968,239,239,28798,28323,0,0,0,0
119,1,generator,Kruskal,1,1,,212130700,6166260,13053952,239,239,28798,28323,0,0,0,0
119,1,solver,Backtracking,1,1,,150171900,5774524,-4562944,239,239,28798,28323,6099,20832,26931,0
119,1,solver,AStar,1,1,,155832100,4337620,1982464,239,239,28798,28323,6099,13180,19279,0
120,1,generator,Backtracking,1,1,,198863600,890220,-1335296,241,241,29280,28801,0,0,0,0
120,1,generator,Kruskal,1,1,,218077700,6262092,5894144,241,241,29280,28801,0,0,0,0
120,1,solver,Backtracking,1,1,,157857100,5852964,-3305472,241,241,29280,28801,4683,22892,27575,0
120,1,solver,AStar,1,1,,85738000,2970228,577536,241,241,29280,28801,4683,5564,10247,0
121,1,generator,Backtracking,1,1,,202225000,922492,-102400,243,243,29766,29283,0,0,0,0
121,1,generator,Kruskal,1,1,,226835500,6358708,10297344,243,243,29766,29283,0,0,0,0
121,1,solver,Backtracking,1,1,,178241900,5936572,-5210112,243,243,29766,29283,4843,23262,28105,0
121,1,solver,AStar,1,1,,94393200,3928164,688128,243,243,29766,29283,4843,6920,11763,0
122,1,generator,Backtracking,1,1,,205707900,925252,-6225920,245,245,30256,29769,0,0,0,0
122,1,generator,Kruskal,1,1,,227622500,6456076,12632064,245,245,30256,29769,0,0,0,0
122,1,solver,Backtracking,1,1,,162111900,6018180,-4648960,245,245,30256,29769,3935,24708,28643,0
122,1,solver,AStar,1,1,,55403100,2725764,720896,245,245,30256,29769,3935,2774,6709,0
123,1,generator,Backtracking,1,1,,207186800,936356,-8192,247,247,30750,30259,0,0,0,0
123,1,generator,Kruskal,1,1,,232817400,6554228,6135808,247,247,30750,30259,0,0,0,0
123,1,solver,Backtracking,1,1,,158320500,6059244,-2818048,247,247,30750,30259,5779,22958,28737,0
123,1,solver,AStar,1,1,,133579900,4130420,622592,247,247,30750,30259,5779,10416,16195,0
124,1,generator,Backtracking,1,1,,212466600,940716,-65536,249,249,31248,30753,0,0,0,0
124,1,generator,Kruskal,1,1,,232569700,6653132,10711040,249,249,31248,30753,0,0,0,0
124,1,solver,Backtracking,1,1,,170345600,6187124,-696320,249,249,31248,30753,4039,25692,29731,0
124,1,solver,AStar,1,1,,59599800,2757948,-5509120,249,249,31248,30753,4039,2632,6671,0
125,1,generator,Backtracking,1,1,,226472700,967300,1056768,251,251,31750,31251,0,0,0,0
125,1,generator,Kruskal,1,1,,255950500,6783668,13066240,251,251,31750,31251,0,0,0,0
125,1,solver,Backtracking,1,1,,178577200,6251044,-5079040,251,251,31750,31251,4663,25390,30053,0
125,1,solver,AStar,1,1,,97174500,3992412,581632,251,251,31750,31251,4663,6438,11101,0
126,1,generator,Backtracking,1,1,,228503600,947524,-6946816,253,253,32256,31753,0,0,0,0
126,1,generator,Kruskal,1,1,,257621700,6884108,14192640,253,253,32256,31753,0,0,0,0
126,1,solver,Backtracking,1,1,,189056100,6348060,-4530176,253,253,32256,31753,4155,26576,30731,0
126,1,solver,AStar,1,1,,63267600,2805316,606208,253,253,32256,31753,4155,3142,7297,0
127,1,generator,Backtracking,1,1,,234451000,992676,12288,255,255,32766,32259,0,0,0,0
127,1,generator,Kruskal,1,1,,258072300,6985332,7659520,255,255,32766,32259,0,0,0,0
127,1,solver,Backtracking,1,1,,177254500,6396228,-3543040,255,255,32766,32259,5095,25814,30909,0
127,1,solver,AStar,1,1,,105153800,4025452,102400,255,255,32766,32259,5095,7118,12213,0
128,1,generator,Backtracking,1,1,,228630200,1016052,-389120,257,257,33280,32769,0,0,0,0
128,1,generator,Kruskal,1,1,,284447400,7087308,12345344,257,257,33280,32769,0,0,0,0
128,1,solver,Backtracking,1,1,,187520900,6471316,-4792320,257,257,33280,32769,4935,26412,31347,0
128,1,solver,AStar,1,1,,99311200,4041404,-2969600,257,257,33280,32769,4935,6454,11389,0
129,1,generator,Backtracking,1,1,,240546900,974316,380928,259,259,33798,33283,0,0,0,0
129,1,generator,Kruskal,1,1,,264271700,7190068,13180928,259,259,33798,33283,0,0,0,0
129,1,solver,Backtracking,1,1,,184998800,6604420,-6471680,259,259,33798,33283,4243,27964,32207,0
129,1,solver,AStar,1,1,,65979500,2891436,229376,259,259,33798,33283,4243,3412,7655,0
130,1,generator,Backtracking,1,1,,242670300,1005412,-7278592,261,261,34320,33801,0,0,0,0
130,1,generator,Kruskal,1,1,,270645700,7293580,13549568,261,261,34320,33801,0,0,0,0
130,1,solver,Backtracking,1,1,,180510200,6681300,-4603904,261,261,34320,33801,5579,26912,32491,0
130,1,solver,AStar,1,1,,144781700,4293228,1064960,261,261,34320,33801,5579,10870,16449,0
131,1,generator,Backtracking,1,1,,273499800,1023444,-1220608,263,263,34846,34323,0,0,0,0
131,1,generator,Kruskal,1,1,,289233500,7397876,6991872,263,263,34846,34323,0,0,0,0
131,1,solver,Backtracking,1,1,,195341900,6560228,-4354048,263,263,34846,34323,9023,21922,30945,0
131,1,solver,AStar,1,1,,296402800,8839052,3567616,263,263,34846,34323,9023,24460,33483,0
132,1,generator,Backtracking,1,1,,253506200,1023228,-2158592,265,265,35376,34849,0,0,0,0
132,1,generator,Kruskal,1,1,,346065500,7502924,5992448,265,265,35376,34849,0,0,0,0
132,1,solver,Backtracking,1,1,,197377600,6707364,-3981312,265,265,35376,34849,5775,26200,31975,0
132,1,solver,AStar,1,1,,138190000,4270764,438272,265,265,35376,34849,5775,10010,15785,0
133,1,generator,Backtracking,1,1,,259294400,1008708,-270336,267,267,35910,35379,0,0,0,0
133,1,generator,Kruskal,1,1,,294278200,7643476,10457088,267,267,35910,35379,0,0,0,0
133,1,solver,Backtracking,1,1,,201163700,6907604,-8589312,267,267,35910,35379,6775,26594,33369,0
133,1,solver,AStar,1,1,,177259600,6750516,733184,267,267,35910,35379,6775,13720,20495,0
134,1,generator,Backtracking,1,1,,258265000,1176372,557056,269,269,36448,35913,0,0,0,0
134,1,generator,Kruskal,1,1,,315799000,7836428,11075584,269,269,36448,35913,0,0,0,0
134,1,solver,Backtracking,1,1,,192038800,6865852,-6836224,269,269,36448,35913,9343,23174,32517,0
134,1,solver,AStar,1,1,,271070800,8751308,-16384,269,269,36448,35913,9343,22136,31479,0
135,1,generator,Backtracking,1,1,,266540400,1196436,-2453504,271,271,36990,36451,0,0,0,0
135,1,generator,Kruskal,1,1,,310352400,7944436,6836224,271,271,36990,36451,0,0,0,0
135,1,solver,Backtracking,1,1,,209574100,7143988,-1245184,271,271,36990,36451,7211,27432,34643,0
135,1,solver,AStar,1,1,,205222000,8494940,-4096000,271,271,36990,36451,7211,16546,23757,0
136,1,generator,Backtracking,1,1,,267633600,1168068,528384,273,273,37536,36993,0,0,0,0
136,1,generator,Kruskal,1,1,,318075400,8053196,11317248,273,273,37536,36993,0,0,0,0
136,1,solver,Backtracking,1,1,,207049600,7219604,-8310784,273,273,37536,36993,5895,29112,35007,0
136,1,solver,AStar,1,1,,158456800,4515052,1073152,273,273,37536,36993,5895,11222,17117,0
137,1,generator,Backtracking,1,1,,279724500,1185916,-1069056,275,275,38086,37539,0,0,0,0
137,1,generator,Kruskal,1,1,,309147500,8162740,11272192,275,275,38086,37539,0,0,0,0
137,1,solver,Backtracking,1,1,,219477400,7395620,-8728576,275,275,38086,37539,6571,29520,36091,0
137,1,solver,AStar,1,1,,150190000,4497644,970752,275,275,38086,37539,6571,10366,16937,0
138,1,generator,Backtracking,1,1,,276255000,1199428,-864256,277,277,38640,38089,0,0,0,0
138,1,generator,Kruskal,1,1,,320725100,8273100,7499776,277,277,38640,38089,0,0,0,0
138,1,solver,Backtracking,1,1,,201009700,7028204,-5943296,277,277,38640,38089,9267,23086,32353,0
138,1,solver,AStar,1,1,,299175700,9114044,1163264,277,277,38640,38089,9267,24728,33995,0
139,1,generator,Backtracking,1,1,,285391100,1275444,-520192,279,279,39198,38643,0,0,0,0
139,1,generator,Kruskal,1,1,,325061200,8384180,7401472,279,279,39198,38643,0,0,0,0
139,1,solver,Backtracking,1,1,,222132700,7605372,-1912832,279,279,39198,38643,5547,31674,37221,0
139,1,solver,AStar,1,1,,123179600,4290220,-4665344,279,279,39198,38643,5547,7920,13467,0
140,1,generator,Backtracking,1,1,,286178400,1210036,786432,281,281,39760,39201,0,0,0,0
140,1,generator,Kruskal,1,1,,335501400,8495948,7823360,281,281,39760,39201,0,0,0,0
140,1,solver,Backtracking,1,1,,191299800,7075252,-2588672,281,281,39760,39201,6887,25272,32159,0
140,1,solver,AStar,1,1,,230260800,8615060,-3801088,281,281,39760,39201,6887,19334,26221,0
141,1,generator,Backtracking,1,1,,291833900,1271268,409600,283,283,40326,39763,0,0,0,0
141,1,generator,Kruskal,1,1,,356475700,8647668,4583424,283,283,40326,39763,0,0,0,0
141,1,solver,Backtracking,1,1,,229125600,7670972,2170880,283,283,40326,39763,7603,29318,36921,0
141,1,solver,AStar,1,1,,209174100,8614316,-786432,283,283,40326,39763,7603,16008,23611,0
142,1,generator,Backtracking,1,1,,304983400,1265988,-1392640,285,285,40896,40329,0,0,0,0
142,1,generator,Kruskal,1,1,,355486600,8761036,4169728,285,285,40896,40329,0,0,0,0
142,1,solver,Backtracking,1,1,,229131300,7872084,-57344,285,285,40896,40329,7099,31280,38379,0
142,1,solver,AStar,1,1,,210855900,8682332,-593920,285,285,40896,40329,7099,17062,24161,0
143,1,generator,Backtracking,1,1,,299127200,1243204,-905216,287,287,41470,40899,0,0,0,0
143,1,generator,Kruskal,1,1,,357030000,8875124,3710976,287,287,41470,40899,0,0,0,0
143,1,solver,Backtracking,1,1,,237617300,8057700,-126976,287,287,41470,40899,5371,34222,39593,0
143,1,solver,AStar,1,1,,109207900,4382068,-1474560,287,287,41470,40899,5371,6772,12143,0
144,1,generator,Backtracking,1,1,,304691900,1228100,-417792,289,289,42048,41473,0,0,0,0
144,1,generator,Kruskal,1,1,,363542300,8990060,3477504,289,289,42048,41473,0,0,0,0
144,1,solver,Backtracking,1,1,,242350400,8151916,729088,289,289,42048,41473,7091,32914,40005,0
144,1,solver,AStar,1,1,,210188300,8747020,-1486848,289,289,42048,41473,7091,16666,23757,0
145,1,generator,Backtracking,1,1,,310796600,1326844,-806912,291,291,42630,42051,0,0,0,0
145,1,generator,Kruskal,1,1,,380420500,9105812,2813952,291,291,42630,42051,0,0,0,0
145,1,solver,Backtracking,1,1,,245382300,8248156,643072,291,291,42630,42051,6967,33424,40391,0
145,1,solver,AStar,1,1,,189171700,7068132,-1802240,291,291,42630,42051,6967,14314,21281,0
146,1,generator,Backtracking,1,1,,323484200,1282780,-851968,293,293,43216,42633,0,0,0,0
146,1,generator,Kruskal,1,1,,374805300,9222156,3256320,293,293,43216,42633,0,0,0,0
146,1,solver,Backtracking,1,1,,250778700,8363908,204800,293,293,43216,42633,5379,35724,41103,0
146,1,solver,AStar,1,1,,114816800,4475548,-1822720,293,293,43216,42633,5379,7000,12379,0
147,1,generator,Backtracking,1,1,,324966400,1256012,-798720,295,295,43806,43219,0,0,0,0
147,1,generator,Kruskal,1,1,,383697300,9338468,3547136,295,295,43806,43219,0,0,0,0
147,1,solver,Backtracking,1,1,,280394400,8491892,495616,295,295,43806,43219,5747,35972,41719,0
147,1,solver,AStar,1,1,,123438600,4470212,-1683456,295,295,43806,43219,5747,7274,13021,0
148,1,generator,Backtracking,1,1,,333061000,1332452,-729088,297,297,44400,43809,0,0,0,0
148,1,generator,Kruskal,1,1,,416393700,9456348,3465216,297,297,44400,43809,0,0,0,0
148,1,solver,Backtracking,1,1,,275781100,8633236,270336,297,297,44400,43809,5735,36798,42533,0
148,1,solver,AStar,1,1,,126733600,4554036,-2035712,297,297,44400,43809,5735,7188,12923,0
149,1,generator,Backtracking,1,1,,341525000,1358452,-274432,299,299,44998,44403,0,0,0,0
149,1,generator,Kruskal,1,1,,399466600,9619204,3026944,299,299,44998,44403,0,0,0,0
149,1,solver,Backtracking,1,1,,260912900,8641628,122880,299,299,44998,44403,6379,35830,42209,0
149,1,solver,AStar,1,1,,134671700,4619612,-1208320,299,299,44998,44403,6379,8080,14459,0
150,1,generator,Backtracking,1,1,,350238100,1345780,-753664,301,301,45600,45001,0,0,0,0
150,1,generator,Kruskal,1,1,,417914500,9738524,3563520,301,301,45600,45001,0,0,0,0
150,1,solver,Backtracking,1,1,,269415600,8745348,311296,301,301,45600,45001,6543,36184,42727,0
150,1,solver,AStar,1,1,,150661300,4847644,-1724416,301,301,45600,45001,6543,9944,16487,0
151,1,generator,Backtracking,1,1,,338915400,1378628,-663552,303,303,46206,45603,0,0,0,0
151,1,generator,Kruskal,1,1,,406528300,9858916,4452352,303,303,46206,45603,0,0,0,0
151,1,solver,Backtracking,1,1,,269554100,8784908,303104,303,303,46206,45603,11483,31026,42509,0
151,1,solver,AStar,1,1,,377626000,10194476,-716800,303,303,46206,45603,11483,29684,41167,0
152,1,generator,Backtracking,1,1,,348986900,1335620,-8933376,305,305,46816,46209,0,0,0,0
152,1,generator,Kruskal,1,1,,427576500,9979868,12902400,305,305,46816,46209,0,0,0,0
152,1,solver,Backtracking,1,1,,276597400,11551292,-618496,305,305,46816,46209,7507,36310,43817,0
152,1,solver,AStar,1,1,,202568600,9025596,-118784,305,305,46816,46209,7507,14518,22025,0
153,1,generator,Backtracking,1,1,,354044100,1379204,-10018816,307,307,47430,46819,0,0,0,0
153,1,generator,Kruskal,1,1,,425489800,10101764,13021184,307,307,47430,46819,0,0,0,0
153,1,solver,Backtracking,1,1,,269174600,11580972,-901120,307,307,47430,46819,7595,36164,43759,0
153,1,solver,AStar,1,1,,197839100,7326396,-5120000,307,307,47430,46819,7595,13676,21271,0
154,1,generator,Backtracking,1,1,,364444800,1494620,-360448,309,309,48048,47433,0,0,0,0
154,1,generator,Kruskal,1,1,,432730800,10333500,10313728,309,309,48048,47433,0,0,0,0
154,1,solver,Backtracking,1,1,,271737400,8998868,-4952064,309,309,48048,47433,10803,32312,43115,0
154,1,solver,AStar,1,1,,335437500,9838252,-24576,309,309,48048,47433,10803,25704,36507,0
155,1,generator,Backtracking,1,1,,382807000,1478908,-1757184,311,311,48670,48051,0,0,0,0
155,1,generator,Kruskal,1,1,,451881900,10457508,6008832,311,311,48670,48051,0,0,0,0
155,1,solver,Backtracking,1,1,,295948900,11654844,1683456,311,311,48670,48051,10007,35240,45247,0
155,1,solver,AStar,1,1,,320885100,9684092,-507904,311,311,48670,48051,10007,24940,34947,0
156,1,generator,Backtracking,1,1,,371703600,1492124,-10629120,313,313,49296,48673,0,0,0,0
156,1,generator,Kruskal,1,1,,447657200,10582428,13697024,313,313,49296,48673,0,0,0,0
156,1,solver,Backtracking,1,1,,281452100,11701060,-1036288,313,313,49296,48673,8171,36584,44755,0
156,1,solver,AStar,1,1,,278378300,9067612,-4272128,313,313,49296,48673,8171,20146,28317,0
157,1,generator,Backtracking,1,1,,382778300,1546460,823296,315,315,49926,49299,0,0,0,0
157,1,generator,Kruskal,1,1,,580484700,10707908,14622720,315,315,49926,49299,0,0,0,0
157,1,solver,Backtracking,1,1,,330122900,11753004,-10502144,315,315,49926,49299,9963,36460,46423,0
157,1,solver,AStar,1,1,,354084900,9756476,-819200,315,315,49926,49299,9963,26138,36101,0
158,1,generator,Backtracking,1,1,,409447000,1539940,-7430144,317,317,50560,49929,0,0,0,0
158,1,generator,Kruskal,1,1,,509026600,10883676,13606912,317,317,50560,49929,0,0,0,0
158,1,solver,Backtracking,1,1,,304657100,11753188,966656,317,317,50560,49929,10515,36122,46637,0
158,1,solver,AStar,1,1,,390252800,10253692,-5427200,317,317,50560,49929,10515,28424,38939,0
159,1,generator,Backtracking,1,1,,409139200,1597948,-389120,319,319,51198,50563,0,0,0,0
159,1,generator,Kruskal,1,1,,504021000,11010980,6291456,319,319,51198,50563,0,0,0,0
159,1,solver,Backtracking,1,1,,244565000,8479420,-425984,319,319,51198,50563,12707,24584,37291,0
159,1,solver,AStar,1,1,,428091100,14664612,3096576,319,319,51198,50563,12707,30994,43701,0
160,1,generator,Backtracking,1,1,,397170200,1603812,-12283904,321,321,51840,51201,0,0,0,0
160,1,generator,Kruskal,1,1,,498604500,11138844,14970880,321,321,51840,51201,0,0,0,0
160,1,solver,Backtracking,1,1,,318365400,11808164,1708032,321,321,51840,51201,9551,39066,48617,0
160,1,solver,AStar,1,1,,342085200,9878716,-6582272,321,321,51840,51201,9551,24546,34097,0
161,1,generator,Backtracking,1,1,,423374100,1556316,8192,323,323,52486,51843,0,0,0,0
161,1,generator,Kruskal,1,1,,521160400,11267460,6045696,323,323,52486,51843,0,0,0,0
161,1,solver,Backtracking,1,1,,250733600,8764660,331776,323,323,52486,51843,12315,26156,38471,0
161,1,solver,AStar,1,1,,483470200,14569948,1048576,323,323,52486,51843,12315,37234,49549,0
162,1,generator,Backtracking,1,1,,408501800,1556468,-11128832,325,325,53136,52489,0,0,0,0
162,1,generator,Kruskal,1,1,,508160000,11396860,14880768,325,325,53136,52489,0,0,0,0
162,1,solver,Backtracking,1,1,,316109700,11900308,-114688,325,325,53136,52489,10335,38570,48905,0
162,1,solver,AStar,1,1,,394655800,10274908,-3911680,325,325,53136,52489,10335,29586,39921,0
163,1,generator,Backtracking,1,1,,422274700,1611196,-229376,327,327,53790,53139,0,0,0,0
163,1,generator,Kruskal,1,1,,508552300,11527140,5795840,327,327,53790,53139,0,0,0,0
163,1,solver,Backtracking,1,1,,307847200,12027380,1122304,327,327,53790,53139,8739,38358,47097,0
163,1,solver,AStar,1,1,,315610800,9687180,122880,327,327,53790,53139,8739,24034,32773,0
164,1,generator,Backtracking,1,1,,425096100,1705684,-11018240,329,329,54448,53793,0,0,0,0
164,1,generator,Kruskal,1,1,,513521400,11658076,14651392,329,329,54448,53793,0,0,0,0
164,1,solver,Backtracking,1,1,,336250400,12013908,2367488,329,329,54448,53793,7523,44852,52375,0
164,1,solver,AStar,1,1,,206048000,7612756,-8765440,329,329,54448,53793,7523,14030,21553,0
165,1,generator,Backtracking,1,1,,421964000,1709972,1282048,331,331,55110,54451,0,0,0,0
165,1,generator,Kruskal,1,1,,536118600,11789764,10792960,331,331,55110,54451,0,0,0,0
165,1,solver,Backtracking,1,1,,349112900,12134268,-5722112,331,331,55110,54451,7391,45684,53075,0
165,1,solver,AStar,1,1,,195280100,7640036,-1982464,331,331,55110,54451,7391,12774,20165,0
166,1,generator,Backtracking,1,1,,438552700,1715932,-454656,333,333,55776,55113,0,0,0,0
166,1,generator,Kruskal,1,1,,546435100,11922268,14684160,333,333,55776,55113,0,0,0,0
166,1,solver,Backtracking,1,1,,300087300,12130844,2576384,333,333,55776,55113,14903,31124,46027,0
166,1,solver,AStar,1,1,,470759100,14776060,-5263360,333,333,55776,55113,14903,33586,48489,0
167,1,generator,Backtracking,1,1,,431555700,1686564,-1794048,335,335,56446,55779,0,0,0,0
167,1,generator,Kruskal,1,1,,566683100,12055620,7127040,335,335,56446,55779,0,0,0,0
167,1,solver,Backtracking,1,1,,350632600,12210724,385024,335,335,56446,55779,8819,44882,53701,0
167,1,solver,AStar,1,1,,305771600,9845852,692224,335,335,56446,55779,8819,22124,30943,0
168,1,generator,Backtracking,1,1,,453772000,1768676,-10862592,337,337,57120,56449,0,0,0,0
168,1,generator,Kruskal,1,1,,561432100,12245212,15151104,337,337,57120,56449,0,0,0,0
168,1,solver,Backtracking,1,1,,334059300,12220548,-3702784,337,337,57120,56449,12247,37760,50007,0
168,1,solver,AStar,1,1,,387424900,10571260,6217728,337,337,57120,56449,12247,28860,41107,0
169,1,generator,Backtracking,1,1,,461328100,1798548,-4227072,339,339,57798,57123,0,0,0,0
169,1,generator,Kruskal,1,1,,584440800,12380164,15020032,339,339,57798,57123,0,0,0,0
169,1,solver,Backtracking,1,1,,369244500,12222812,-5607424,339,339,57798,57123,16647,35918,52565,0
169,1,solver,AStar,1,1,,510986100,14780884,372736,339,339,57798,57123,16647,35924,52571,0
170,1,generator,Backtracking,1,1,,462080000,1818220,-9789440,341,341,58480,57801,0,0,0,0
170,1,generator,Kruskal,1,1,,576576700,12515772,15138816,341,341,58480,57801,0,0,0,0
170,1,solver,Backtracking,1,1,,378913900,12644764,-2064384,341,341,58480,57801,8371,47360,55731,0
170,1,solver,AStar,1,1,,232773900,9315444,-2260992,341,341,58480,57801,8371,16454,24825,0
171,1,generator,Backtracking,1,1,,469659700,1757028,-3678208,343,343,59166,58483,0,0,0,0
171,1,generator,Kruskal,1,1,,584257100,12652036,10919936,343,343,59166,58483,0,0,0,0
171,1,solver,Backtracking,1,1,,374996100,12732756,-286720,343,343,59166,58483,10839,45252,56091,0
171,1,solver,AStar,1,1,,403648700,10785996,-3842048,343,343,59166,58483,10839,29512,40351,0
172,1,generator,Backtracking,1,1,,473569100,1824556,-3588096,345,345,59856,59169,0,0,0,0
172,1,generator,Kruskal,1,1,,605783600,12789052,14598144,345,345,59856,59169,0,0,0,0
172,1,solver,Backtracking,1,1,,392277800,12844540,-5345280,345,345,59856,59169,8603,47964,56567,0
172,1,solver,AStar,1,1,,305296600,9777404,-999424,345,345,59856,59169,8603,22750,31353,0
173,1,generator,Backtracking,1,1,,484823500,1880076,-9109504,347,347,60550,59859,0,0,0,0
173,1,generator,Kruskal,1,1,,602222400,12927044,14700544,347,347,60550,59859,0,0,0,0
173,1,solver,Backtracking,1,1,,345538100,12437412,-3055616,347,347,60550,59859,18563,33486,52049,0
173,1,solver,AStar,1,1,,594375500,15321356,5947392,347,347,60550,59859,18563,39350,57913,0
174,1,generator,Backtracking,1,1,,486121500,1860980,-15532032,349,349,61248,60553,0,0,0,0
174,1,generator,Kruskal,1,1,,612516600,13065628,15900672,349,349,61248,60553,0,0,0,0
174,1,solver,Backtracking,1,1,,367864600,12646716,-2740224,349,349,61248,60553,18343,35418,53761,0
174,1,solver,AStar,1,1,,598810900,15498236,6094848,349,349,61248,60553,18343,40990,59333,0
175,1,generator,Backtracking,1,1,,487847300,1786668,-15335424,351,351,61950,61251,0,0,0,0
175,1,generator,Kruskal,1,1,,631575900,13205028,15998976,351,351,61950,61251,0,0,0,0
175,1,solver,Backtracking,1,1,,416084900,13282580,-2289664,351,351,61950,61251,10151,48866,59017,0
175,1,solver,AStar,1,1,,344969200,10211260,-1376256,351,351,61950,61251,10151,22606,32757,0
176,1,generator,Backtracking,1,1,,512270000,2012788,327680,353,353,62656,61953,0,0,0,0
176,1,generator,Kruskal,1,1,,641836000,13481244,6414336,353,353,62656,61953,0,0,0,0
176,1,solver,Backtracking,1,1,,415941200,13371148,274432,353,353,62656,61953,7423,52040,59463,0
176,1,solver,AStar,1,1,,220437800,7913108,-5480448,353,353,62656,61953,7423,13942,21365,0
177,1,generator,Backtracking,1,1,,502300400,1920828,143360,355,355,63366,62659,0,0,0,0
177,1,generator,Kruskal,1,1,,666849400,13623076,8691712,355,355,63366,62659,0,0,0,0
177,1,solver,Backtracking,1,1,,422920600,13349548,-1216512,355,355,63366,62659,12663,45988,58651,0
177,1,solver,AStar,1,1,,504167300,15236812,-614400,355,355,63366,62659,12663,35088,47751,0
178,1,generator,Backtracking,1,1,,516388900,1993116,-9867264,357,357,64080,63369,0,0,0,0
178,1,generator,Kruskal,1,1,,666913600,13828092,14864384,357,357,64080,63369,0,0,0,0
178,1,solver,Backtracking,1,1,,401604000,13370204,471040,357,357,64080,63369,11019,47056,58075,0
178,1,solver,AStar,1,1,,367447300,10450060,-2285568,357,357,64080,63369,11019,24468,35487,0
179,1,generator,Backtracking,1,1,,540528500,2067932,-10055680,359,359,64798,64083,0,0,0,0
179,1,generator,Kruskal,1,1,,677374300,13971268,16498688,359,359,64798,64083,0,0,0,0
179,1,solver,Backtracking,1,1,,474483700,13914108,1581056,359,359,64798,64083,8795,53392,62187,0
179,1,solver,AStar,1,1,,250471300,9724212,-3616768,359,359,64798,64083,8795,15232,24027,0
180,1,generator,Backtracking,1,1,,526143200,2091452,-10756096,361,361,65520,64801,0,0,0,0
180,1,generator,Kruskal,1,1,,675770200,14115292,16822272,361,361,65520,64801,0,0,0,0
180,1,solver,Backtracking,1,1,,377540500,13087716,-3215360,361,361,65520,64801,11167,43450,54617,0
180,1,solver,AStar,1,1,,383983800,10792140,-831488,361,361,65520,64801,11167,28142,39309,0
181,1,generator,Backtracking,1,1,,550601200,1989628,-9748480,363,363,66246,65523,0,0,0,0
181,1,generator,Kruskal,1,1,,694764600,14260100,17080320,363,363,66246,65523,0,0,0,0
181,1,solver,Backtracking,1,1,,418797200,14074180,-2433024,363,363,66246,65523,11799,50638,62437,0
181,1,solver,AStar,1,1,,383484200,10612988,-1384448,363,363,66246,65523,11799,24956,36755,0
182,1,generator,Backtracking,1,1,,555331800,2147300,-9756672,365,365,66976,66249,0,0,0,0
182,1,generator,Kruskal,1,1,,720404600,14405628,16158720,365,365,66976,66249,0,0,0,0
182,1,solver,Backtracking,1,1,,441478900,13983484,-2809856,365,365,66976,66249,17227,44072,61299,0
182,1,solver,AStar,1,1,,555958100,15084212,-315392,365,365,66976,66249,17227,35258,52485,0
183,1,generator,Backtracking,1,1,,573114900,2145420,-10633216,367,367,67710,66979,0,0,0,0
183,1,generator,Kruskal,1,1,,716701700,14551972,15007744,367,367,67710,66979,0,0,0,0
183,1,solver,Backtracking,1,1,,417433200,13843612,430080,367,367,67710,66979,19739,40256,59995,0
183,1,solver,AStar,1,1,,683803200,16273868,-2244608,367,367,67710,66979,19739,44244,63983,0
184,1,generator,Backtracking,1,1,,588006000,2194732,-2998272,369,369,68448,67713,0,0,0,0
184,1,generator,Kruskal,1,1,,732260000,14699100,7389184,369,369,68448,67713,0,0,0,0
184,1,solver,Backtracking,1,1,,450381300,14483284,299008,369,369,68448,67713,8543,56312,64855,0
184,1,solver,AStar,1,1,,248365400,9864804,-3235840,369,369,68448,67713,8543,15962,24505,0
185,1,generator,Backtracking,1,1,,589865200,2123972,-10194944,371,371,69190,68451,0,0,0,0
185,1,generator,Kruskal,1,1,,736785500,14846980,17285120,371,371,69190,68451,0,0,0,0
185,1,solver,Backtracking,1,1,,449448200,14650876,-2482176,371,371,69190,68451,8863,56866,65729,0
185,1,solver,AStar,1,1,,294037700,10096844,69632,371,371,69190,68451,8863,19694,28557,0
186,1,generator,Backtracking,1,1,,563250900,2048028,-11603968,373,373,69936,69193,0,0,0,0
186,1,generator,Kruskal,1,1,,880100400,14995708,14585856,373,373,69936,69193,0,0,0,0
186,1,solver,Backtracking,1,1,,464601400,14670036,5685248,373,373,69936,69193,15955,49374,65329,0
186,1,solver,AStar,1,1,,666511200,16175340,-7196672,373,373,69936,69193,15955,45678,61633,0
187,1,generator,Backtracking,1,1,,639169500,2301508,-2883584,375,375,70686,69939,0,0,0,0
187,1,generator,Kruskal,1,1,,808027600,15145028,7098368,375,375,70686,69939,0,0,0,0
187,1,solver,Backtracking,1,1,,522453800,15107556,585728,375,375,70686,69939,8919,59260,68179,0
187,1,solver,AStar,1,1,,263207500,10010188,-4177920,375,375,70686,69939,8919,14372,23291,0
188,1,generator,Backtracking,1,1,,653211600,2237164,-9052160,377,377,71440,70689,0,0,0,0
188,1,generator,Kruskal,1,1,,860075700,15365500,15327232,377,377,71440,70689,0,0,0,0
188,1,solver,Backtracking,1,1,,497353800,14927836,2138112,377,377,71440,70689,13135,53246,66381,0
188,1,solver,AStar,1,1,,506643200,15609356,-5636096,377,377,71440,70689,13135,30748,43883,0
189,1,generator,Backtracking,1,1,,831421800,2084652,-73728,379,379,72198,71443,0,0,0,0
189,1,generator,Kruskal,1,1,,971594700,15516420,7598080,379,379,72198,71443,0,0,0,0
189,1,solver,Backtracking,1,1,,496731600,15030916,-524288,379,379,72198,71443,17031,49978,67009,0
189,1,solver,AStar,1,1,,819649400,17386204,360448,379,379,72198,71443,17031,54064,71095,0
190,1,generator,Backtracking,1,1,,632822400,2179316,-3751936,381,381,72960,72201,0,0,0,0
190,1,generator,Kruskal,1,1,,802143100,15668252,7208960,381,381,72960,72201,0,0,0,0
190,1,solver,Backtracking,1,1,,491912500,15539204,520192,381,381,72960,72201,7987,62236,70223,0
190,1,solver,AStar,1,1,,226247500,10046532,-4403200,381,381,72960,72201,7987,13988,21975,0
191,1,generator,Backtracking,1,1,,631351900,2266156,-8675328,383,383,73726,72963,0,0,0,0
191,1,generator,Kruskal,1,1,,812985100,15820580,15687680,383,383,73726,72963,0,0,0,0
191,1,solver,Backtracking,1,1,,466173700,14552940,5414912,383,383,73726,72963,18319,43516,61835,0
191,1,solver,AStar,1,1,,627681200,15716732,-7270400,383,383,73726,72963,18319,38464,56783,0
192,1,generator,Backtracking,1,1,,658666000,2245700,-2363392,385,385,74496,73729,0,0,0,0
192,1,generator,Kruskal,1,1,,815194600,15973916,8142848,385,385,74496,73729,0,0,0,0
192,1,solver,Backtracking,1,1,,498711900,15822172,507904,385,385,74496,73729,8331,63234,71565,0
192,1,solver,AStar,1,1,,248054600,9991620,-3723264,385,385,74496,73729,8331,16386,24717,0
193,1,generator,Backtracking,1,1,,684312500,2284532,-9875456,387,387,75270,74499,0,0,0,0
193,1,generator,Kruskal,1,1,,894313900,16127908,16674816,387,387,75270,74499,0,0,0,0
193,1,solver,Backtracking,1,1,,530100900,15919236,6496256,387,387,75270,74499,8639,63266,71905,0
193,1,solver,AStar,1,1,,275168300,10077500,-8130560,387,387,75270,74499,8639,16316,24955,0
194,1,generator,Backtracking,1,1,,663045400,2247388,-11546624,389,389,76048,75273,0,0,0,0
194,1,generator,Kruskal,1,1,,875465500,16282716,17657856,389,389,76048,75273,0,0,0,0
194,1,solver,Backtracking,1,1,,547882900,15893652,2695168,389,389,76048,75273,11891,59734,71625,0
194,1,solver,AStar,1,1,,457462900,11708428,-6852608,389,389,76048,75273,11891,28640,40531,0
195,1,generator,Backtracking,1,1,,669323100,2231292,-4878336,391,391,76830,76051,0,0,0,0
195,1,generator,Kruskal,1,1,,877987100,16438276,13852672,391,391,76830,76051,0,0,0,0
195,1,solver,Backtracking,1,1,,502696900,15546772,-196608,391,391,76830,76051,13487,54938,68425,0
195,1,solver,AStar,1,1,,499632700,15847012,-2342912,391,391,76830,76051,13487,31868,45355,0
196,1,generator,Backtracking,1,1,,677877300,2228964,-11296768,393,393,77616,76833,0,0,0,0
196,1,generator,Kruskal,1,1,,881357400,16594620,19894272,393,393,77616,76833,0,0,0,0
196,1,solver,Backtracking,1,1,,550157000,16299396,-1789952,393,393,77616,76833,9795,63764,73559,0
196,1,solver,AStar,1,1,,354317600,10659452,-3624960,393,393,77616,76833,9795,22190,31985,0
197,1,generator,Backtracking,1,1,,685698200,2375908,-9728000,395,395,78406,77619,0,0,0,0
197,1,generator,Kruskal,1,1,,899411600,16751780,18063360,395,395,78406,77619,0,0,0,0
197,1,solver,Backtracking,1,1,,562769800,16385460,1921024,395,395,78406,77619,11447,62436,73883,0
197,1,solver,AStar,1,1,,397846600,11112540,-1855488,395,395,78406,77619,11447,25182,36629,0
198,1,generator,Backtracking,1,1,,694743100,2411852,1941504,397,397,79200,78409,0,0,0,0
198,1,generator,Kruskal,1,1,,878124200,16909532,13918208,397,397,79200,78409,0,0,0,0
198,1,solver,Backtracking,1,1,,534738600,16828684,73728,397,397,79200,78409,8507,68104,76611,0
198,1,solver,AStar,1,1,,228397400,8468020,-2867200,397,397,79200,78409,8507,13188,21695,0
199,1,generator,Backtracking,1,1,,683034500,2458132,-5787648,399,399,79998,79203,0,0,0,0
199,1,generator,Kruskal,1,1,,916628800,17068228,12439552,399,399,79998,79203,0,0,0,0
199,1,solver,Backtracking,1,1,,534311800,16893316,-389120,399,399,79998,79203,10999,65658,76657,0
199,1,solver,AStar,1,1,,400307400,11206684,-3600384,399,399,79998,79203,10999,25656,36655,0
200,1,generator,Backtracking,1,1,,747816000,2671820,-9715712,401,401,80800,80001,0,0,0,0
200,1,generator,Kruskal,1,1,,906623400,17486844,18464768,401,401,80800,80001,0,0,0,0
200,1,solver,Backtracking,1,1,,558684600,16881188,1970176,401,401,80800,80001,10619,65982,76601,0
200,1,solver,AStar,1,1,,408451500,11243340,-4120576,401,401,80800,80001,10619,24360,34979,0
